Gene,adj.P.Val,P.Value,t,B,logFC,GB_ACC,SPOT_ID
LCK,0.826,0.00784,2.808581,-4.26,1.097893,NM_005356.2,
HLA-DPB1,0.826,0.01603,2.521599,-4.32,0.675828,NM_002121.4,
HLA-DRB4,0.826,0.02174,-2.394115,-4.35,-2.820185,NM_021983.4,
IKBKG,0.826,0.0219,-2.390879,-4.35,-0.415552,NM_003639.2,
CXCR5,0.826,0.02714,2.298938,-4.37,0.85132,NM_001716.3,
ITGA2,0.826,0.02898,-2.270346,-4.38,-0.549393,NM_002203.2,
MAP3K7,0.826,0.02914,-2.267942,-4.38,-0.287308,NM_145333.1,
MRC1,0.826,0.02951,2.26241,-4.38,0.926386,NM_002438.2,
TNFSF11,0.826,0.03111,-2.23929,-4.39,-1.082622,NM_003701.2,
MAP4K2,0.826,0.03618,-2.172292,-4.4,-0.342567,NM_004579.2,
RORA,0.826,0.03738,-2.157667,-4.4,-0.613888,NM_134261.2,
CREBBP,0.826,0.03816,2.148455,-4.41,0.802195,NM_004380.2,
IL26,0.826,0.03848,-2.14462,-4.41,-0.64784,NM_018402.1,
IL17F,0.826,0.03973,-2.130187,-4.41,-0.589794,NM_052872.3,
RORC,0.826,0.04221,2.102772,-4.42,0.855903,NM_001001523.1,
PRG2,0.826,0.04412,2.082582,-4.42,0.986426,NM_002728.4,
SIGIRR,0.826,0.04682,2.055286,-4.43,0.723011,NM_021805.2,
IGF1R,0.826,0.04992,-2.025549,-4.43,-0.338267,NM_000875.2,
C7,0.826,0.05257,2.001453,-4.44,0.990904,NM_000587.2,NA
IL24,0.826,0.0533,-1.99498,-4.44,-1.50043,NM_181339.1,
CRP,0.826,0.05367,-1.99174,-4.44,-0.659144,NM_000567.2,
CCL20,0.826,0.05368,-1.991692,-4.44,-1.207887,NM_004591.1,NA
PBK,0.826,0.05445,1.984933,-4.44,0.781614,NM_018492.2,
GZMB,0.826,0.05486,1.981472,-4.44,0.741204,NM_004131.3,
MAPKAPK2,0.826,0.05494,-1.980733,-4.44,-0.347262,NM_004759.3,
CD5,0.826,0.0557,1.974241,-4.44,0.618927,NM_014207.2,
CD1E,0.826,0.06262,-1.918599,-4.45,-0.47694,NM_001042583.1,
IL17A,0.826,0.06465,-1.90325,-4.46,-0.671434,NM_002190.2,
CLU,0.826,0.06523,-1.898971,-4.46,-0.412641,NM_001831.2,
SAP130,0.826,0.06625,1.891456,-4.46,0.210129,NM_024545.3,
TICAM2,0.826,0.06947,-1.868485,-4.46,-0.681521,NM_021649.4,
TAB1,0.826,0.07047,-1.861505,-4.46,-0.269008,NM_153497.2,
GAGE1,0.826,0.07103,-1.857638,-4.47,-0.376605,NM_001040663.2,
MAP3K5,0.826,0.07287,-1.845128,-4.47,-0.351989,NM_005923.3,
HLA-DPA1,0.826,0.07436,1.835203,-4.47,0.52795,NM_033554.2,
MAGEA3,0.826,0.0766,1.8206,-4.47,2.292276,NM_005362.3,
IL17RB,0.826,0.0777,-1.813577,-4.47,-0.680028,NM_018725.3,
LAMP2,0.826,0.07858,-1.808012,-4.47,-0.345286,NM_001122606.1,
ITGAE,0.826,0.07905,1.805026,-4.48,0.338409,NM_002208.4,
DDX58,0.826,0.08076,-1.794381,-4.48,-0.589521,NM_014314.3,
TNFSF10,0.826,0.08169,-1.788676,-4.48,-0.557199,NM_003810.2,
MME,0.826,0.08242,-1.784263,-4.48,-1.04553,NM_000902.2,
MNX1,0.826,0.08243,-1.784212,-4.48,-0.45554,NM_005515.3,
IFNA2,0.826,0.08297,-1.78096,-4.48,-0.427637,NM_000605.3,
IFNL2,0.826,0.08471,-1.770553,-4.48,-0.426866,NM_172138.1,
CD8A,0.826,0.08489,1.769475,-4.48,0.898373,NM_001768.5,
CD247,0.826,0.08566,1.764931,-4.48,0.663104,NM_198053.1,
SMAD3,0.826,0.08636,-1.760867,-4.48,-0.34555,NM_005902.3,
EIF2B4,0.826,0.08746,1.754516,-4.48,0.230524,NM_172195.3,
TRAF6,0.826,0.08749,-1.754351,-4.48,-0.288234,NM_145803.1,
CMA1,0.826,0.08815,1.750546,-4.49,0.723511,NM_001836.2,
CCR3,0.826,0.09069,-1.736174,-4.49,-0.729012,NM_001837.2,NA
CD276,0.826,0.09203,-1.72871,-4.49,-0.335456,NM_001024736.1,
SSX4,0.826,0.09382,-1.718918,-4.49,-0.375086,NM_005636.3,
NEFL,0.826,0.09419,-1.716925,-4.49,-1.280201,NM_006158.3,
LTA,0.826,0.09506,1.712244,-4.49,0.667866,NM_000595.2,
DDX50,0.826,0.09562,-1.709228,-4.49,-0.204464,NM_024045.1,
ITGB3,0.826,0.09732,-1.700219,-4.49,-0.994512,NM_000212.2,
CYLD,0.826,0.09742,-1.699671,-4.49,-0.312792,NM_015247.1,
TBK1,0.826,0.09928,-1.689929,-4.5,-0.255803,NM_013254.2,
GATA3,0.826,0.09998,-1.686313,-4.5,-0.361113,NM_001002295.1,
NOD2,0.826,0.10118,-1.680168,-4.5,-0.762375,NM_022162.1,
TAL1,0.826,0.10153,-1.678376,-4.5,-0.847621,NM_003189.2,
HLA-DMB,0.826,0.10342,1.668861,-4.5,0.657612,NM_002118.3,
KLRF1,0.826,0.10346,-1.668647,-4.5,-0.571673,NM_016523.1,
NOL7,0.826,0.10446,1.663676,-4.5,0.262681,NM_016167.3,
FCF1,0.826,0.10471,-1.662451,-4.5,-0.216816,NM_015962.4,
ITGAL,0.826,0.10564,1.657847,-4.5,0.779746,NM_002209.2,
IL34,0.826,0.107,-1.651172,-4.5,-0.835911,NM_152456.1,
CD22,0.826,0.10878,1.642559,-4.5,1.023178,NM_001771.2,
F13A1,0.826,0.10905,1.641246,-4.5,0.725877,NM_000129.3,
TLR2,0.826,0.11068,-1.633492,-4.51,-0.515887,NM_003264.3,
CMKLR1,0.826,0.11095,1.632204,-4.51,0.640155,NM_004072.1,
IFNGR1,0.826,0.1117,-1.628696,-4.51,-0.301641,NM_000416.1,
CXCL12,0.826,0.1162,1.607854,-4.51,0.798303,NM_000609.5,
SH2D1A,0.826,0.11683,1.604978,-4.51,0.919664,NM_001114937.2,
EDC3,0.826,0.11696,-1.604405,-4.51,-0.204363,NM_001142443.1,
KLRG1,0.826,0.11891,1.595627,-4.51,0.424942,NM_005810.3,
IFI16,0.826,0.12096,-1.586545,-4.51,-0.311931,NM_005531.1,
TNFRSF18,0.826,0.12101,1.586337,-4.51,0.740662,NM_004195.2,
IGLL1,0.826,0.12369,-1.574635,-4.52,-0.473296,NM_020070.2,
CXCR3,0.826,0.1252,1.56811,-4.52,0.804648,NM_001504.1,
IKBKE,0.826,0.12648,-1.562654,-4.52,-0.347091,NM_014002.2,
SPN,0.826,0.12731,1.559116,-4.52,0.744427,NM_003123.3,
IL18,0.826,0.12801,1.556187,-4.52,0.782676,NM_001562.2,
TRIM39,0.826,0.12915,1.551385,-4.52,0.275653,NM_021253.3,
CD44,0.826,0.12942,-1.550287,-4.52,-0.28079,NM_001001392.1,
PTGDR2,0.826,0.13087,-1.544267,-4.52,-0.314544,NM_004778.1,
TBX21,0.826,0.13328,1.53435,-4.52,0.720353,NM_013351.1,
MAGEA4,0.826,0.13708,-1.519048,-4.53,-1.315922,NM_001011548.1,
INPP5D,0.826,0.13731,1.518123,-4.53,0.479423,NM_005541.3,
BLK,0.826,0.13907,1.511195,-4.53,0.583426,NM_001715.2,NA
BAGE,0.826,0.14006,-1.507289,-4.53,-0.370084,NM_001187.1,NA
SEMG1,0.826,0.14006,-1.507289,-4.53,-0.370084,NM_003007.2,
CFD,0.826,0.14011,1.507098,-4.53,0.766871,NM_001928.2,
ADA,0.826,0.14096,1.50378,-4.53,0.373792,NM_000022.2,NA
GZMH,0.826,0.14233,1.498467,-4.53,0.728164,NM_033423.3,
AMMECR1L,0.826,0.14295,-1.496069,-4.53,-0.171801,NM_001199140.1,
IL1R2,0.826,0.14722,1.479809,-4.53,0.730198,NM_173343.1,
BCL6,0.826,0.14821,-1.476094,-4.53,-0.301739,NM_001706.2,NA
PRPF38A,0.826,0.14848,1.475078,-4.53,0.200502,NM_032864.3,
CD38,0.826,0.15007,1.469174,-4.53,0.838111,NM_001775.2,
HLA-DRA,0.826,0.15027,1.468434,-4.53,0.400805,NM_019111.3,
MST1R,0.826,0.15216,1.461475,-4.53,0.412845,NM_002447.1,
CCL4,0.826,0.15446,1.453099,-4.54,0.722945,NM_002984.2,NA
AICDA,0.826,0.15455,-1.452761,-4.54,-0.30007,NM_020661.1,NA
AMBP,0.826,0.15455,-1.452761,-4.54,-0.30007,NM_001633.3,NA
C4BPA,0.826,0.15455,-1.452761,-4.54,-0.30007,NM_000715.3,NA
C8A,0.826,0.15455,-1.452761,-4.54,-0.30007,NM_000562.2,NA
CCR9,0.826,0.15455,-1.452761,-4.54,-0.30007,NM_031200.1,NA
CD160,0.826,0.15455,-1.452761,-4.54,-0.30007,NM_007053.2,
CD1B,0.826,0.15455,-1.452761,-4.54,-0.30007,NM_001764.2,
CEACAM8,0.826,0.15455,-1.452761,-4.54,-0.30007,NM_001816.3,
CTAGE1,0.826,0.15455,-1.452761,-4.54,-0.30007,NM_172241.2,
FUT5,0.826,0.15455,-1.452761,-4.54,-0.30007,NM_002034.2,
IFNA1,0.826,0.15455,-1.452761,-4.54,-0.30007,NM_024013.1,
IFNA17,0.826,0.15455,-1.452761,-4.54,-0.30007,NM_021268.2,
IFNA7,0.826,0.15455,-1.452761,-4.54,-0.30007,NM_021057.2,
IFNA8,0.826,0.15455,-1.452761,-4.54,-0.30007,NM_002170.3,
IFNB1,0.826,0.15455,-1.452761,-4.54,-0.30007,NM_002176.2,
IL12B,0.826,0.15455,-1.452761,-4.54,-0.30007,NM_002187.2,
IL2,0.826,0.15455,-1.452761,-4.54,-0.30007,NM_000586.2,
IL21,0.826,0.15455,-1.452761,-4.54,-0.30007,NM_021803.2,
IL27,0.826,0.15455,-1.452761,-4.54,-0.30007,NM_145659.3,
IL3,0.826,0.15455,-1.452761,-4.54,-0.30007,NM_000588.3,
IL5,0.826,0.15455,-1.452761,-4.54,-0.30007,NM_000879.2,
IL9,0.826,0.15455,-1.452761,-4.54,-0.30007,NM_000590.1,
KIR3DL1,0.826,0.15455,-1.452761,-4.54,-0.30007,NM_013289.2,
KIR3DL2,0.826,0.15455,-1.452761,-4.54,-0.30007,NM_006737.2,
KIR_Activating_Subgroup_1,0.826,0.15455,-1.452761,-4.54,-0.30007,NM_001083539.1,
MASP2,0.826,0.15455,-1.452761,-4.54,-0.30007,NM_139208.1,
MBL2,0.826,0.15455,-1.452761,-4.54,-0.30007,NM_000242.2,
PASD1,0.826,0.15455,-1.452761,-4.54,-0.30007,NM_173493.2,
PLA2G1B,0.826,0.15455,-1.452761,-4.54,-0.30007,NM_000928.2,
PMCH,0.826,0.15455,-1.452761,-4.54,-0.30007,NM_002674.2,
SPACA3,0.826,0.15455,-1.452761,-4.54,-0.30007,NM_173847.3,
SPO11,0.826,0.15455,-1.452761,-4.54,-0.30007,NM_198265.1,
SSX1,0.826,0.15455,-1.452761,-4.54,-0.30007,NM_005635.2,
SYCP1,0.826,0.15455,-1.452761,-4.54,-0.30007,NM_003176.2,
TMEFF2,0.826,0.15455,-1.452761,-4.54,-0.30007,NM_016192.2,
CD28,0.826,0.15469,1.452253,-4.54,0.439879,NM_001243078.1,
DMBT1,0.826,0.15544,1.449553,-4.54,1.461246,NM_007329.2,
TLR5,0.826,0.15632,-1.446404,-4.54,-0.66001,NM_003268.3,
ATF1,0.826,0.15686,-1.444443,-4.54,-0.235992,NM_005171.2,NA
C9,0.826,0.15842,-1.438882,-4.54,-0.296975,NM_001737.3,NA
CD3E,0.826,0.15855,1.438449,-4.54,0.549422,NM_000733.2,
GZMA,0.826,0.1586,1.438258,-4.54,0.83572,NM_006144.2,
C8B,0.826,0.15904,-1.436702,-4.54,-0.335738,NM_000066.2,NA
STAT5B,0.828,0.16039,1.431925,-4.54,0.266769,NM_012448.3,
CHUK,0.839,0.16395,-1.419547,-4.54,-0.159306,NM_001278.3,
DEFB1,0.839,0.16484,1.41646,-4.54,0.593817,NM_005218.3,
ITGB2,0.855,0.16899,1.402317,-4.54,0.463147,NM_000211.2,
IRF3,0.855,0.1702,1.398255,-4.54,0.23874,NM_001571.5,
KIR_Activating_Subgroup_2,0.859,0.17384,-1.38614,-4.55,-0.315216,NM_014512.1,
CD164,0.859,0.17444,-1.384155,-4.55,-0.186248,NM_006016.4,
CD274,0.859,0.1754,-1.381008,-4.55,-0.672513,NM_014143.3,
C5,0.859,0.17644,1.377588,-4.55,0.613904,NM_001735.2,NA
CLEC6A,0.859,0.17711,-1.375404,-4.55,-0.342294,NM_001007033.1,
HLA-DQA1,0.859,0.17824,1.371754,-4.55,1.941939,NM_002122.3,
CXCR1,0.859,0.17918,-1.3687,-4.55,-0.536629,NM_000634.2,
COLEC12,0.859,0.17989,1.366425,-4.55,0.75077,NM_130386.2,
TANK,0.868,0.18284,-1.356985,-4.55,-0.161484,NM_004180.2,
NFATC1,0.87,0.1857,1.347972,-4.55,0.302625,NM_172389.1,
MTMR14,0.87,0.18581,-1.347638,-4.55,-0.18935,NM_022485.3,
GPATCH3,0.87,0.18656,1.345269,-4.55,0.377154,NM_022078.2,
CD3D,0.876,0.18972,1.335465,-4.55,0.623597,NM_000732.4,
CD3G,0.876,0.19245,1.327077,-4.56,0.660363,NM_000073.2,
ATG5,0.876,0.19285,-1.325857,-4.56,-0.237235,NM_004849.2,NA
IL7,0.876,0.19446,-1.320973,-4.56,-0.353278,NM_000880.2,
CNOT10,0.876,0.19477,1.320027,-4.56,0.18922,NM_001256741.1,
CR2,0.876,0.19612,-1.315956,-4.56,-0.533555,NM_001006658.1,
CCL28,0.876,0.19707,1.313114,-4.56,0.569188,NM_148672.2,NA
CTSW,0.876,0.19716,1.312847,-4.56,0.66698,NM_001335.3,
EP300,0.878,0.19868,-1.308314,-4.56,-0.164831,NM_001429.2,
C1QA,0.886,0.20269,1.296456,-4.56,0.485266,NM_015991.2,NA
LTBR,0.886,0.20336,-1.294477,-4.56,-0.268385,NM_002342.1,
COG7,0.886,0.20394,-1.292801,-4.56,-0.182372,NM_153603.3,
IL18RAP,0.892,0.20677,1.284581,-4.56,0.611772,NM_003853.2,
CLEC7A,0.892,0.20762,-1.282127,-4.56,-0.727791,NM_197954.2,
MS4A1,0.893,0.20907,1.277943,-4.56,0.873031,NM_152866.2,
IFNAR2,0.896,0.21456,-1.262375,-4.56,-0.26721,NM_000874.3,
CCL25,0.896,0.215,-1.261119,-4.57,-0.260747,NM_005624.2,NA
PSMD7,0.896,0.21553,-1.259658,-4.57,-0.18225,NM_002811.3,
SAA1,0.896,0.21565,-1.25931,-4.57,-0.653416,NM_199161.1,
CXCR4,0.896,0.21616,1.257873,-4.57,0.50426,NM_003467.2,
IRAK1,0.896,0.21682,-1.256026,-4.57,-0.204428,NM_001569.3,
MAF,0.896,0.21781,-1.253274,-4.57,-0.423861,NM_005360.4,
IL3RA,0.897,0.21957,1.248415,-4.57,0.449333,NM_002183.2,
KLRC2,0.897,0.22042,1.246059,-4.57,0.748946,NM_002260.3,
TMUB2,0.902,0.2242,1.235725,-4.57,0.155425,NM_024107.2,
TARP,0.902,0.22483,1.234004,-4.57,0.611208,NM_001003799.1,
IFIT1,0.902,0.22754,-1.226679,-4.57,-0.650703,NM_001548.3,
TNFSF4,0.902,0.22773,1.226167,-4.57,0.678437,NM_003326.2,
UBC,0.902,0.22977,-1.22071,-4.57,-0.222221,NM_021009.3,
CD209,0.902,0.23151,1.216072,-4.57,0.733609,NM_021155.2,
IL4,0.902,0.23171,-1.215539,-4.57,-0.302245,NM_000589.2,
MAPK11,0.902,0.23216,-1.214337,-4.57,-0.485595,NM_002751.5,
SPANXB1,0.902,0.23237,-1.213783,-4.57,-0.276325,NM_032461.2,
IL21R,0.904,0.23527,1.206124,-4.57,0.639958,NM_021798.2,
MAP2K1,0.904,0.23551,-1.205494,-4.57,-0.216335,NM_002755.2,
MEF2C,0.904,0.23625,1.203573,-4.57,0.37241,NM_002397.3,
OAS3,0.921,0.24444,-1.182398,-4.58,-0.436788,NM_006187.2,
PNMA1,0.921,0.2452,-1.180476,-4.58,-0.332358,NM_006029.4,
CD33,0.921,0.2459,-1.178687,-4.58,-0.527422,NM_001177608.1,
CCL21,0.921,0.25,1.168335,-4.58,0.549258,NM_002989.2,NA
GZMK,0.921,0.2502,1.167821,-4.58,0.682955,NM_002104.2,
HLA-C,0.921,0.25076,-1.166424,-4.58,-0.365754,NM_002117.4,
MAPK8,0.921,0.25127,-1.165133,-4.58,-0.190798,NM_002750.2,
CXCL9,0.921,0.25142,1.164778,-4.58,0.660795,NM_002416.1,
FAS,0.921,0.25268,1.161616,-4.58,0.474819,NM_000043.3,
C2,0.921,0.25386,1.158682,-4.58,0.431736,NM_000063.3,NA
STAT6,0.921,0.25391,-1.158562,-4.58,-0.194014,NM_003153.3,
ARG2,0.924,0.25586,-1.153727,-4.58,-0.529006,NM_001172.3,NA
BTK,0.927,0.25808,1.148275,-4.58,0.612417,NM_000061.1,NA
C1QB,0.935,0.26356,1.134926,-4.58,0.403883,NM_000491.3,NA
PRF1,0.935,0.26479,1.131966,-4.58,0.542453,NM_005041.3,
LAIR2,0.935,0.26787,1.124571,-4.58,0.560224,NM_002288.3,
AMICA1,0.935,0.26864,1.122724,-4.58,0.34272,NM_153206.2,NA
MAVS,0.935,0.26891,-1.122081,-4.58,-0.192334,NM_020746.3,
IFIT2,0.935,0.26895,-1.121988,-4.58,-0.788039,NM_001547.4,
IFNAR1,0.935,0.27148,-1.115978,-4.58,-0.306053,NM_000629.2,
S100B,0.935,0.2722,1.114289,-4.58,0.482269,NM_006272.1,
CREB5,0.935,0.27235,-1.113929,-4.58,-0.391363,NM_182898.2,
IL16,0.935,0.27414,1.109725,-4.59,0.454947,NM_004513.4,
IL2RB,0.935,0.2743,1.109331,-4.59,0.312068,NM_000878.2,
CCL14,0.935,0.27474,1.108313,-4.59,0.597014,NM_032963.3,NA
IRF2,0.937,0.27783,-1.101091,-4.59,-0.178393,NM_002199.3,
CD19,0.937,0.28001,1.096028,-4.59,0.731746,NM_001770.4,
HLA-DQB1,0.937,0.28249,1.090298,-4.59,1.20534,NM_002123.3,
IL2RG,0.937,0.28318,1.088709,-4.59,0.367135,NM_000206.1,
CCL15,0.937,0.28467,-1.085294,-4.59,-0.225357,NM_032965.3,NA
SLAMF7,0.937,0.28572,1.082907,-4.59,0.551743,NM_021181.3,
CD34,0.937,0.28784,-1.078088,-4.59,-0.510971,NM_001025109.1,
PLAU,0.937,0.29083,-1.071317,-4.59,-0.33133,NM_002658.2,
TOLLIP,0.937,0.2909,-1.071164,-4.59,-0.337823,NM_019009.2,
ISG15,0.937,0.29419,-1.063781,-4.59,-0.526021,NM_005101.3,
ISG20,0.937,0.29449,-1.063101,-4.59,-0.324176,NM_002201.4,
A2M,0.937,0.29466,1.062728,-4.59,0.209789,NM_000014.4,NA
IL1RAP,0.937,0.29583,-1.06011,-4.59,-0.293921,NM_002182.2,
ITGB1,0.937,0.29585,-1.060058,-4.59,-0.197034,NM_033666.2,
NOD1,0.937,0.29606,-1.05961,-4.59,-0.206215,NM_006092.1,
IL12RB1,0.937,0.29809,1.055087,-4.59,0.510214,NM_005535.1,
IL23R,0.937,0.29855,-1.054068,-4.59,-0.231833,NM_144701.2,
HLA-B,0.937,0.30113,-1.048384,-4.59,-0.286737,NM_005514.6,
IFIH1,0.937,0.30133,-1.047946,-4.59,-0.360902,NM_022168.2,
CD84,0.937,0.30264,1.045057,-4.59,0.448882,NM_001184879.1,
REL,0.937,0.3028,-1.044715,-4.59,-0.185354,NM_002908.2,
CD46,0.937,0.30611,-1.03749,-4.59,-0.184273,NM_172350.1,
BIRC5,0.937,0.30859,1.032098,-4.6,0.201356,NM_001168.2,NA
CCL22,0.937,0.31086,-1.027216,-4.6,-0.391112,NM_002990.3,NA
CHIT1,0.937,0.31352,1.021506,-4.6,0.71361,NM_003465.2,
TNFRSF11A,0.937,0.31426,-1.019925,-4.6,-0.550075,NM_003839.2,
MSR1,0.937,0.31482,1.018714,-4.6,0.393144,NM_002445.3,
CCL19,0.937,0.32005,1.007618,-4.6,0.576159,NM_006274.2,NA
TNFRSF4,0.937,0.32215,1.003207,-4.6,0.492975,NM_003327.2,
CCL1,0.937,0.32266,-1.002137,-4.6,-0.325632,NM_002981.1,NA
ZC3H14,0.937,0.32287,-1.001685,-4.6,-0.150938,NM_001160103.1,
SMAD2,0.937,0.32392,-0.999498,-4.6,-0.142956,NM_005901.5,
G6PD,0.937,0.32438,-0.99853,-4.6,-0.250448,NM_000402.2,
HLA-DMA,0.937,0.32556,0.996067,-4.6,0.289842,NM_006120.3,
JAK2,0.937,0.32957,-0.98773,-4.6,-0.237764,NM_004972.2,
CTLA4,0.937,0.32971,0.987449,-4.6,0.379112,NM_005214.3,
C6,0.937,0.3309,-0.984986,-4.6,-0.263687,NM_000065.2,NA
NFKB1,0.937,0.33202,0.982674,-4.6,0.203976,NM_003998.2,
F2RL1,0.937,0.33558,-0.975376,-4.6,-0.520284,NM_005242.3,
THBD,0.937,0.33573,-0.975084,-4.6,-0.329911,NM_000361.2,
IL1RN,0.937,0.33651,0.973485,-4.6,0.391994,NM_000577.3,
SYT17,0.937,0.33744,-0.971584,-4.6,-0.619898,NM_016524.2,
CCL8,0.937,0.33765,0.971165,-4.6,0.5672,NM_005623.2,NA
CEBPB,0.937,0.33792,-0.970621,-4.6,-0.192195,NM_005194.2,
IL13RA2,0.937,0.33845,-0.969544,-4.6,-0.532313,NM_000640.2,
S100A7,0.937,0.33934,-0.967728,-4.6,-0.680275,NM_002963.2,
CD6,0.937,0.33997,0.966457,-4.6,0.435319,NM_006725.3,
CTSS,0.937,0.34003,0.966333,-4.6,0.281305,NM_004079.3,
TAPBP,0.937,0.34333,-0.959672,-4.6,-0.183854,NM_003190.4,
C3,0.937,0.34492,0.956462,-4.6,0.40743,NM_000064.2,NA
CXCL11,0.937,0.34724,0.951826,-4.6,0.552447,NM_005409.4,
F12,0.937,0.34757,0.951162,-4.6,0.357439,NM_000505.3,
MPPED1,0.937,0.34807,-0.950169,-4.6,-0.708883,NM_001044370.1,
C1S,0.937,0.34813,-0.950054,-4.6,-0.21742,NM_001734.2,NA
CD40LG,0.937,0.34868,0.948961,-4.6,0.500806,NM_000074.2,
TICAM1,0.937,0.35031,-0.945708,-4.6,-0.212717,NM_014261.1,
CD59,0.937,0.35107,-0.944203,-4.61,-0.185575,NM_000611.4,
TNFRSF1B,0.937,0.3521,0.942157,-4.61,0.286135,NM_001066.2,
CD40,0.937,0.35377,0.938855,-4.61,0.225353,NM_001250.4,
ANXA1,0.937,0.35723,0.932065,-4.61,0.347103,NM_000700.1,NA
TNFAIP3,0.937,0.35807,-0.930404,-4.61,-0.284075,NM_006290.2,
IFNL1,0.937,0.35861,-0.929363,-4.61,-0.228218,NM_172140.1,
KIR_Inhibiting_Subgroup_1,0.937,0.35891,-0.928777,-4.61,-0.315194,NM_014218.2,
TNFRSF10B,0.937,0.36045,-0.925772,-4.61,-0.220092,NM_003842.3,
FLT3LG,0.937,0.36183,0.923086,-4.61,0.232824,NM_001459.3,
CCR7,0.937,0.36403,0.918811,-4.61,0.475261,NM_001838.2,NA
MX1,0.937,0.36529,-0.916372,-4.61,-0.412679,NM_002462.2,
IL12A,0.937,0.36593,-0.915143,-4.61,-0.436189,NM_000882.2,
CD163,0.937,0.36679,0.913479,-4.61,0.375556,NM_004244.4,
ITGA1,0.937,0.36708,-0.912911,-4.61,-0.185508,NM_181501.1,
SF3A3,0.937,0.36867,-0.909862,-4.61,-0.162551,NM_006802.2,
ETS1,0.937,0.36923,-0.90878,-4.61,-0.189178,NM_005238.3,
PIK3CG,0.937,0.36934,0.908564,-4.61,0.444787,NM_002649.2,
C1QBP,0.937,0.36952,0.908226,-4.61,0.201547,NM_001212.3,NA
USP9Y,0.937,0.37053,0.90629,-4.61,0.421113,NM_004654.3,
CSF2,0.937,0.37251,-0.902511,-4.61,-0.656694,NM_000758.2,
PLA2G6,0.937,0.37255,-0.902435,-4.61,-0.215714,NM_001004426.1,
PDGFC,0.937,0.37264,-0.902264,-4.61,-0.353472,NM_016205.2,
ZAP70,0.937,0.37547,0.896881,-4.61,0.400702,NM_001079.3,
LCP1,0.937,0.37744,0.89315,-4.61,0.272386,NM_002298.4,
CTSL,0.937,0.37859,0.890961,-4.61,0.261509,NM_001912.4,
LRP1,0.937,0.37947,0.889307,-4.61,0.160541,NM_002332.2,
CCL11,0.937,0.38186,0.884812,-4.61,0.570855,NM_002986.2,NA
IL17B,0.937,0.38346,-0.881813,-4.61,-0.203343,NM_014443.2,
EGR2,0.937,0.38451,0.879848,-4.61,0.583345,NM_000399.3,
MAPK1,0.937,0.38596,-0.877132,-4.61,-0.149839,NM_138957.2,
APP,0.937,0.3868,-0.875569,-4.61,-0.192559,NM_000484.3,NA
CCL27,0.937,0.38803,0.873283,-4.61,0.277372,NM_006664.2,NA
CD96,0.937,0.38827,0.872835,-4.61,0.453947,NM_005816.4,
KLRK1,0.937,0.38907,0.871358,-4.61,0.493464,NM_007360.3,
CD74,0.937,0.38923,0.871046,-4.61,0.262199,NM_001025159.1,
IL10RA,0.937,0.38968,0.870217,-4.61,0.280916,NM_001558.2,
IL1RAPL2,0.937,0.39047,0.868765,-4.61,0.24421,NM_017416.1,
NFKB2,0.937,0.39135,-0.867125,-4.61,-0.208104,NM_002502.2,
IGF2R,0.937,0.39141,-0.867026,-4.61,-0.168798,NM_000876.1,
CR1,0.937,0.39333,0.863469,-4.61,0.612031,NM_000651.4,
FYN,0.937,0.399,-0.853073,-4.61,-0.196592,NM_002037.3,
TFE3,0.937,0.39954,0.852088,-4.61,0.156126,NM_006521.3,
ITGAM,0.937,0.40084,0.849724,-4.62,0.504889,NM_000632.3,
VEGFA,0.937,0.40126,-0.84896,-4.62,-0.206337,NM_001025366.1,
DHX16,0.937,0.40614,-0.840106,-4.62,-0.110838,NM_001164239.1,
IL4R,0.937,0.40687,-0.838788,-4.62,-0.195011,NM_000418.2,
CCR5,0.937,0.40845,0.835944,-4.62,0.387354,NM_000579.1,NA
CD4,0.937,0.40911,0.834758,-4.62,0.282483,NM_000616.4,
CD37,0.937,0.40955,-0.833957,-4.62,-0.419646,NM_001774.2,
ATF2,0.937,0.40988,-0.833359,-4.62,-0.139268,NM_001256090.1,NA
CXCL5,0.937,0.4123,-0.829029,-4.62,-0.722406,NM_002994.3,
LIF,0.937,0.41339,-0.827085,-4.62,-0.534978,NM_002309.3,
GUSB,0.937,0.41655,-0.821441,-4.62,-0.163872,NM_000181.1,
HRAS,0.937,0.41692,-0.820786,-4.62,-0.162883,NM_005343.2,
IL2RA,0.937,0.41928,0.816597,-4.62,0.255474,NM_000417.1,
ZNF143,0.937,0.42083,-0.813854,-4.62,-0.107573,NM_003442.5,
CD79B,0.937,0.42101,0.813533,-4.62,0.392838,NM_021602.2,
ITCH,0.937,0.42227,-0.811309,-4.62,-0.119666,NM_001257138.1,
CCR6,0.937,0.42274,0.810482,-4.62,0.289441,NM_031409.2,NA
PPARG,0.937,0.42285,0.81029,-4.62,0.255468,NM_015869.3,
HLA-E,0.937,0.42341,-0.809305,-4.62,-0.187918,NM_005516.4,
PSEN1,0.937,0.42564,-0.805385,-4.62,-0.114658,NM_000021.2,
IL25,0.937,0.4271,-0.802828,-4.62,-0.18988,NM_022789.2,
KIR3DL3,0.937,0.4271,-0.802828,-4.62,-0.18988,NM_153443.3,
CNOT4,0.937,0.43046,-0.796957,-4.62,-0.113309,NM_001190848.1,
CTSG,0.937,0.43207,0.794148,-4.62,0.495772,NM_001911.2,
IL1R1,0.937,0.43241,-0.793561,-4.62,-0.19621,NM_000877.2,
IL11RA,0.937,0.4327,0.793052,-4.62,0.32124,NM_147162.1,
DPP4,0.937,0.43324,0.792118,-4.62,0.520003,NM_001935.3,
HLA-A,0.937,0.43331,-0.791999,-4.62,-0.200531,NM_002116.5,
NLRC5,0.937,0.43425,-0.790374,-4.62,-0.217411,NM_032206.4,
IL13RA1,0.937,0.43472,-0.789553,-4.62,-0.178529,NM_001560.2,
APOE,0.937,0.43554,-0.788132,-4.62,-0.301491,NM_000041.2,NA
PDCD1,0.937,0.43578,0.787724,-4.62,0.288934,NM_005018.1,
CASP1,0.937,0.43582,-0.787647,-4.62,-0.221056,NM_001223.3,NA
CXCR2,0.937,0.43697,-0.785667,-4.62,-0.41947,NM_001557.2,
KLRD1,0.937,0.43728,-0.785118,-4.62,-0.338949,NM_002262.3,
KLRB1,0.937,0.4398,0.780776,-4.62,0.338692,NM_002258.2,
TPTE,0.937,0.44111,-0.778538,-4.62,-0.278046,NM_199259.2,
CD48,0.937,0.44357,0.774303,-4.62,0.308456,NM_001778.2,
SERPINB2,0.937,0.44421,0.773212,-4.62,0.372446,NM_002575.1,
SOCS1,0.937,0.44459,-0.772557,-4.62,-0.229524,NM_003745.1,
IL5RA,0.937,0.44578,-0.77053,-4.62,-0.17582,NM_000564.3,
CARD9,0.937,0.44614,0.769919,-4.62,0.330527,NM_052813.4,NA
FADD,0.939,0.4483,-0.766236,-4.62,-0.347579,NM_003824.2,
CASP10,0.941,0.45178,-0.760336,-4.62,-0.182473,NM_032977.3,NA
TXK,0.941,0.45331,0.757746,-4.62,0.286956,NM_003328.1,
SLAMF6,0.941,0.45397,0.75662,-4.62,0.355968,NM_001184714.1,
DUSP6,0.941,0.45404,0.756507,-4.62,0.195314,NM_001946.2,
ICAM2,0.942,0.45562,0.753839,-4.62,0.289729,NM_000873.3,
IFI27,0.944,0.46132,-0.744273,-4.62,-0.278759,NM_005532.3,
SPINK5,0.944,0.46147,0.744029,-4.62,0.463871,NM_006846.3,
CYFIP2,0.944,0.46156,0.743864,-4.62,0.285124,NM_001037332.2,
IRAK2,0.944,0.46177,-0.743518,-4.62,-0.221829,NM_001570.3,
BST2,0.949,0.46514,-0.737893,-4.63,-0.337593,NM_004335.2,NA
IRF8,0.952,0.46913,0.731264,-4.63,0.347483,NM_002163.2,
TP53,0.952,0.46972,0.730296,-4.63,0.185563,NM_000546.2,
PRM1,0.952,0.47091,-0.728327,-4.63,-0.21551,NM_002761.2,
CTAG1B,0.952,0.47187,0.726739,-4.63,0.374284,NM_001327.2,
PTPRC,0.954,0.47374,0.723653,-4.63,0.229552,NM_080921.3,
FCER1G,0.958,0.47965,0.713953,-4.63,0.225878,NM_004106.1,
TNFRSF13B,0.958,0.48001,0.713356,-4.63,0.385485,NM_012452.2,
HDAC3,0.958,0.48373,-0.707296,-4.63,-0.095252,NM_003883.2,
CXCL3,0.958,0.48551,0.704402,-4.63,0.373377,NM_002090.2,
LYN,0.958,0.48726,-0.701554,-4.63,-0.188667,NM_002350.1,
IL6ST,0.958,0.48962,-0.697735,-4.63,-0.12168,NM_002184.2,
C3AR1,0.958,0.49012,0.69693,-4.63,0.399905,NM_004054.2,NA
NCF4,0.958,0.49027,0.696678,-4.63,0.305752,NM_000631.4,
EPCAM,0.958,0.49278,0.692638,-4.63,0.30056,NM_002354.1,
MFGE8,0.958,0.49384,-0.690928,-4.63,-0.160821,NM_001114614.1,
IFITM1,0.958,0.49527,-0.688621,-4.63,-0.214275,NM_003641.3,
FUT7,0.958,0.49606,0.687358,-4.63,0.315721,NM_004479.3,
SDHA,0.958,0.49727,-0.685417,-4.63,-0.162645,NM_004168.1,
ABCB1,0.958,0.49796,0.684306,-4.63,0.348775,NM_000927.3,NA
IL15RA,0.958,0.50201,-0.67784,-4.63,-0.200254,NM_002189.2,
CCL3L1,0.958,0.50275,0.676651,-4.63,0.425786,NM_021006.4,NA
CCL18,0.958,0.50419,0.674366,-4.63,0.459514,NM_002988.2,NA
MASP1,0.958,0.50462,-0.673682,-4.63,-0.346388,NM_139125.3,
TREM2,0.958,0.50642,0.670812,-4.63,0.384194,NM_018965.3,
BCL2L1,0.958,0.50822,-0.667961,-4.63,-0.104559,NM_001191.2,NA
CCL24,0.958,0.50846,0.667582,-4.63,0.294922,NM_002991.2,NA
VEGFC,0.958,0.50904,-0.666663,-4.63,-0.260751,NM_005429.2,
CXCL2,0.958,0.51121,0.663242,-4.63,0.323326,NM_002089.3,
CARD11,0.958,0.51225,-0.661598,-4.63,-0.287149,NM_032415.2,NA
CD200,0.958,0.51365,-0.65938,-4.63,-0.321427,NM_005944.5,
RELB,0.958,0.5141,-0.658683,-4.63,-0.185591,NM_006509.2,
CD68,0.958,0.51658,0.654773,-4.63,0.154761,NM_001251.2,
LGALS3,0.958,0.51739,-0.653512,-4.63,-0.132501,NM_001177388.1,
ICAM1,0.958,0.51955,-0.650125,-4.63,-0.196481,NM_000201.2,
HLA-DRB3,0.958,0.51995,0.649504,-4.63,0.186294,NM_022555.3,
PSMB7,0.958,0.52022,-0.649079,-4.63,-0.133658,NM_002799.2,
GZMM,0.958,0.52034,0.64888,-4.63,0.109145,NM_005317.2,
TPSAB1,0.958,0.52084,-0.648097,-4.63,-0.255796,NM_003294.3,
ADORA2A,0.958,0.52221,0.645966,-4.63,0.286399,NM_000675.3,NA
ICAM4,0.958,0.52271,-0.645184,-4.63,-0.392217,NM_001039132.1,
ICOSLG,0.958,0.52273,0.645156,-4.63,0.214319,NM_015259.4,
KIT,0.958,0.52288,-0.644916,-4.63,-0.381873,NM_000222.2,
CXCL1,0.958,0.52305,-0.644659,-4.63,-0.270752,NM_001511.1,
TGFB1,0.959,0.52545,-0.640916,-4.63,-0.151854,NM_000660.3,
IL19,0.959,0.52661,-0.639117,-4.63,-0.451845,NM_013371.3,
FLT3,0.959,0.52931,-0.634918,-4.63,-0.354168,NM_004119.1,
SBNO2,0.959,0.53053,-0.633025,-4.63,-0.131777,NM_014963.2,
PSEN2,0.959,0.533,-0.629213,-4.63,-0.232141,NM_000447.2,
HAMP,0.959,0.53443,0.626998,-4.63,0.178614,NM_021175.2,
ROPN1,0.959,0.53549,-0.625365,-4.63,-0.157924,NM_017578.2,
AXL,0.959,0.5377,-0.621972,-4.63,-0.148941,NM_021913.2,NA
NT5E,0.959,0.54004,-0.618381,-4.64,-0.222419,NM_002526.2,
TNFRSF9,0.959,0.54336,-0.613296,-4.64,-0.349899,NM_001561.4,
SH2D1B,0.959,0.54782,0.606485,-4.64,0.287618,NM_053282.4,
CXCL6,0.959,0.55062,-0.602227,-4.64,-0.384561,NM_002993.3,
MS4A2,0.959,0.55095,-0.60173,-4.64,-0.264239,NM_000139.3,
CD9,0.959,0.55103,-0.601611,-4.64,-0.143367,NM_001769.2,
STAT2,0.959,0.55193,-0.600237,-4.64,-0.131017,NM_005419.2,
KLRC1,0.959,0.55284,-0.598868,-4.64,-0.395382,NM_002259.3,
SELE,0.959,0.55409,0.596971,-4.64,0.36848,NM_000450.2,
IL10,0.959,0.55448,-0.596383,-4.64,-0.316519,NM_000572.2,
MAPK3,0.959,0.55593,0.594185,-4.64,0.112105,NM_001040056.1,
C4B,0.959,0.55627,-0.59368,-4.64,-0.342376,NM_001002029.3,NA
CSF1R,0.959,0.55976,0.588416,-4.64,0.266547,NM_005211.2,
CD97,0.959,0.56228,0.584628,-4.64,0.13968,NM_078481.2,
CEACAM1,0.959,0.56391,-0.58218,-4.64,-0.28532,NM_001712.3,
AGK,0.959,0.5665,0.578295,-4.64,0.121406,NM_018238.3,
DDX43,0.959,0.56794,0.576141,-4.64,0.302302,NM_018665.2,
ZNF205,0.959,0.56808,-0.575924,-4.64,-0.128009,NM_001031686.1,
FOXP3,0.959,0.57335,0.568071,-4.64,0.241733,NM_014009.3,
IRF7,0.959,0.57401,-0.567091,-4.64,-0.194447,NM_001572.3,
CD53,0.959,0.57503,0.565577,-4.64,0.181247,NM_001040033.1,
CLEC5A,0.959,0.57591,-0.56426,-4.64,-0.204302,NM_013252.2,
TNFSF14,0.959,0.57766,0.561673,-4.64,0.312044,NM_003807.3,
MAP3K1,0.959,0.57905,-0.559613,-4.64,-0.117394,NM_005921.1,
JAM3,0.959,0.57915,0.559466,-4.64,0.16934,NM_032801.3,
IL6R,0.959,0.57936,-0.559153,-4.64,-0.118162,NM_000565.2,
CCL7,0.959,0.57963,-0.558746,-4.64,-0.262713,NM_006273.2,NA
NUBP1,0.959,0.57973,0.558604,-4.64,0.116132,NM_001278506.1,
MAGEA1,0.959,0.58219,0.554975,-4.64,0.397763,NM_004988.4,
GNLY,0.959,0.58308,0.553649,-4.64,0.319187,NM_006433.2,
RUNX3,0.959,0.58344,0.553123,-4.64,0.147263,NM_004350.1,
TAP1,0.959,0.5835,-0.553032,-4.64,-0.162403,NM_000593.5,
TIGIT,0.959,0.58491,0.55095,-4.64,0.243522,NM_173799.2,
ITGAX,0.959,0.58511,0.550659,-4.64,0.169779,NM_000887.3,
CC2D1B,0.959,0.58519,-0.550545,-4.64,-0.256248,NM_032449.2,
RPS6,0.959,0.5868,0.548172,-4.64,0.111608,NM_001010.2,
CCL13,0.959,0.59013,0.543275,-4.64,0.341647,NM_005408.2,NA
LAMP3,0.959,0.59071,-0.542434,-4.64,-0.198264,NM_014398.3,
CD7,0.959,0.59099,0.542016,-4.64,0.259668,NM_006137.6,
EBI3,0.959,0.59171,-0.540958,-4.64,-0.1292,NM_005755.2,
CASP3,0.959,0.59221,0.540237,-4.64,0.093071,NM_032991.2,NA
NRP1,0.959,0.59419,-0.53734,-4.64,-0.112762,NM_003873.5,
ITK,0.959,0.59527,0.535749,-4.64,0.27852,NM_005546.3,
IFNG,0.959,0.59588,-0.534863,-4.64,-0.180434,NM_000619.2,
TNFRSF11B,0.959,0.59727,0.532836,-4.64,0.297454,NM_002546.2,
IRF5,0.959,0.59809,-0.531644,-4.64,-0.188411,NM_002200.3,
CD27,0.959,0.59852,0.531016,-4.64,0.285942,NM_001242.4,
CD58,0.959,0.59955,-0.529508,-4.64,-0.097492,NM_001779.2,
PAX5,0.959,0.60045,-0.52821,-4.64,-0.111278,NM_016734.1,
TCF7,0.959,0.60131,0.526953,-4.64,0.263132,NM_003202.2,
CFB,0.959,0.60343,-0.523873,-4.64,-0.193726,NM_001710.5,
HMGB1,0.959,0.60448,0.522351,-4.64,0.089664,NM_002128.4,
POU2AF1,0.959,0.60667,-0.519176,-4.64,-0.362076,NM_006235.2,
LTB,0.959,0.60836,0.516722,-4.64,0.244281,NM_002341.1,
MAGEA12,0.959,0.60907,0.515702,-4.64,0.283534,NM_001166386.1,
CD55,0.959,0.60977,0.514688,-4.64,0.270622,NM_000574.3,
CDH5,0.959,0.60987,-0.514549,-4.64,-0.1078,NM_001795.3,
NFKBIA,0.959,0.61062,-0.51346,-4.64,-0.101099,NM_020529.1,
ULBP2,0.959,0.61214,-0.511268,-4.64,-0.252336,NM_025217.2,
RIPK2,0.959,0.61226,0.511098,-4.64,0.101443,NM_003821.5,
CX3CR1,0.959,0.61397,-0.508636,-4.64,-0.273955,NM_001337.3,
ITGA5,0.959,0.61456,-0.50778,-4.64,-0.135811,NM_002205.2,
HSD11B1,0.959,0.61504,-0.507098,-4.64,-0.309898,NM_181755.1,
BATF,0.959,0.61637,0.505181,-4.64,0.196183,NM_006399.3,NA
SPP1,0.959,0.61697,-0.504311,-4.64,-0.420488,NM_000582.2,
CD86,0.959,0.61753,0.503518,-4.64,0.260879,NM_175862.3,
TLR10,0.959,0.61789,0.502988,-4.64,0.252682,NM_030956.2,
CD8B,0.959,0.61921,0.501101,-4.64,0.275764,NM_004931.3,
IKBKB,0.959,0.6195,-0.50069,-4.64,-0.087358,NM_001556.1,
TFRC,0.96,0.62192,-0.497221,-4.64,-0.159812,NM_003234.1,
GPI,0.961,0.62369,-0.494691,-4.64,-0.10835,NM_000175.2,
SPA17,0.961,0.62483,0.49305,-4.64,0.126956,NM_017425.3,
LILRB3,0.961,0.626,0.491382,-4.64,0.281399,NM_006864.2,
TUBB,0.961,0.62811,0.488377,-4.64,0.088222,NM_178014.2,
TNF,0.961,0.62855,0.48774,-4.64,0.247034,NM_000594.2,
CD81,0.964,0.63205,0.482773,-4.64,0.071961,NM_004356.3,
NFATC4,0.964,0.63484,-0.478797,-4.64,-0.116889,NM_001136022.2,
CREB1,0.964,0.63619,-0.476886,-4.64,-0.071251,NM_004379.3,
ALCAM,0.964,0.63641,0.476584,-4.64,0.200091,NM_001627.3,NA
JAK3,0.964,0.63712,0.475571,-4.64,0.133153,NM_000215.2,
TNFRSF1A,0.966,0.63944,-0.472287,-4.64,-0.075432,NM_001065.2,
MAGEB2,0.975,0.6489,0.458954,-4.65,0.325036,NM_002364.4,
PIK3CD,0.975,0.64906,0.458723,-4.65,0.11945,NM_005026.3,
ELANE,0.975,0.65073,-0.456387,-4.65,-0.134201,NM_001972.2,
CDH1,0.975,0.6515,-0.4553,-4.65,-0.095296,NM_004360.2,
CTCFL,0.975,0.65275,-0.453543,-4.65,-0.285956,NM_001269042.1,
PLAUR,0.975,0.65319,-0.452939,-4.65,-0.138707,NM_001005376.1,
CEACAM6,0.979,0.65871,0.445205,-4.65,0.340817,NM_002483.4,
MAPK14,0.979,0.65974,-0.443778,-4.65,-0.06705,NM_001315.1,
TLR7,0.979,0.66023,0.443087,-4.65,0.18145,NM_016562.3,
USP39,0.979,0.66204,-0.440568,-4.65,-0.073712,NM_001256725.1,
CD2,0.979,0.66311,0.439075,-4.65,0.234919,NM_001767.3,
CD63,0.979,0.66322,0.438925,-4.65,0.078028,NM_001780.4,
LCN2,0.983,0.66779,-0.432574,-4.65,-0.247593,NM_005564.3,
REPS1,0.983,0.6701,-0.429364,-4.65,-0.067109,NM_001128617.2,
FEZ1,0.983,0.67189,-0.426877,-4.65,-0.148072,NM_005103.4,
CCL3,0.983,0.67232,0.426282,-4.65,0.214211,NM_002983.2,NA
STAT3,0.983,0.6731,0.425207,-4.65,0.069661,NM_139276.2,
COL3A1,0.983,0.67486,-0.422775,-4.65,-0.164415,NM_000090.3,
NCAM1,0.983,0.67724,0.419487,-4.65,0.276213,NM_000615.5,
LILRA5,0.983,0.67906,-0.416969,-4.65,-0.27578,NM_181879.2,
BAX,0.983,0.67916,0.416831,-4.65,0.062319,NM_138761.3,NA
FCGR3A,0.983,0.67932,-0.41662,-4.65,-0.185606,NM_000569.6,
BLNK,0.983,0.68237,-0.412411,-4.65,-0.165074,NM_013314.2,NA
KIR_Inhibiting_Subgroup_2,0.983,0.68271,-0.411947,-4.65,-0.195,NM_014511.3,
CFP,0.983,0.68433,0.409712,-4.65,0.19708,NM_002621.2,
IRF4,0.983,0.68489,-0.408949,-4.65,-0.21563,NM_002460.1,
IL11,0.983,0.68517,-0.408556,-4.65,-0.222324,NM_000641.2,
CSF3,0.983,0.68809,-0.404553,-4.65,-0.117201,NM_000759.3,
CD1C,0.983,0.68902,-0.403271,-4.65,-0.202362,NM_001765.2,
NUP107,0.983,0.68903,-0.403265,-4.65,-0.074877,NM_020401.2,
SIGLEC1,0.983,0.69149,0.399887,-4.65,0.159556,NM_023068.3,
TNFSF12,0.983,0.69225,-0.398849,-4.65,-0.10311,NM_003809.2,
ARG1,0.983,0.69855,0.390243,-4.65,0.219811,NM_000045.2,NA
CTSH,0.983,0.70024,0.387938,-4.65,0.096394,NM_004390.3,
CD83,0.983,0.70107,0.386807,-4.65,0.130135,NM_004233.3,
DNAJC14,0.983,0.7027,0.384586,-4.65,0.128337,NM_032364.5,
TNFRSF10C,0.983,0.70305,0.384112,-4.65,0.284879,NM_003841.3,
CSF2RB,0.983,0.70618,-0.379853,-4.65,-0.105343,NM_000395.2,
LAMP1,0.983,0.70645,-0.379493,-4.65,-0.06321,NM_005561.3,
CCRL2,0.983,0.70718,-0.378498,-4.65,-0.19394,NM_003965.4,
BID,0.983,0.7074,-0.378195,-4.65,-0.162388,NM_001196.2,NA
CCL16,0.983,0.70948,-0.375374,-4.65,-0.123888,NM_004590.2,NA
MCAM,0.983,0.71043,-0.374097,-4.65,-0.107452,NM_006500.2,
NFATC2,0.983,0.71062,0.373834,-4.65,0.095156,NM_012340.3,
VCAM1,0.983,0.71067,-0.373761,-4.65,-0.241126,NM_001078.3,
THY1,0.983,0.71177,0.372272,-4.65,0.121323,NM_006288.2,
ITGA4,0.983,0.71319,0.370348,-4.65,0.133417,NM_000885.4,
ITGB4,0.983,0.71327,0.370244,-4.65,0.098888,NM_001005731.1,
TREM1,0.983,0.71427,0.36889,-4.65,0.231292,NM_018643.3,
ATG16L1,0.983,0.71427,-0.368888,-4.65,-0.052166,NM_198890.2,NA
HCK,0.984,0.71919,-0.36225,-4.65,-0.109073,NM_002110.2,
LTK,0.984,0.7221,-0.358323,-4.65,-0.116683,NM_001135685.1,
CLEC4A,0.984,0.7229,-0.357249,-4.65,-0.157676,NM_194448.2,
MICB,0.984,0.72395,-0.355831,-4.65,-0.130723,NM_005931.3,
IFITM2,0.984,0.72401,0.355748,-4.65,0.103268,NM_006435.2,
CSF1,0.984,0.72439,-0.35523,-4.65,-0.119275,NM_000757.4,
TNFRSF14,0.984,0.72502,0.354384,-4.65,0.078344,NM_003820.2,
CD1A,0.984,0.72596,-0.353119,-4.65,-0.190851,NM_001763.2,
TLR6,0.984,0.72688,0.351883,-4.65,0.146913,NM_006068.2,
ITGA2B,0.984,0.72966,0.348151,-4.65,0.143276,NM_000419.3,
OSM,0.984,0.73166,-0.345465,-4.65,-0.258393,NM_020530.4,
CX3CL1,0.984,0.73434,-0.341876,-4.65,-0.155099,NM_002996.3,
CASP8,0.984,0.73487,-0.341167,-4.65,-0.051316,NM_001228.4,NA
TIRAP,0.984,0.73688,0.338479,-4.65,0.162003,NM_148910.2,
TNFSF18,0.984,0.7381,-0.336841,-4.65,-0.146019,NM_005092.2,
IL18R1,0.984,0.74038,-0.333791,-4.65,-0.148917,NM_003855.2,
POU2F2,0.984,0.74058,0.33353,-4.65,0.148385,NM_002698.2,
ATM,0.984,0.74236,0.33115,-4.65,0.132298,NM_000051.3,NA
TTK,0.984,0.74395,-0.329033,-4.65,-0.086232,NM_003318.3,
CD244,0.984,0.74429,-0.328581,-4.65,-0.112976,NM_016382.2,
TNFRSF12A,0.984,0.74567,-0.326738,-4.65,-0.1221,NM_016639.1,
CCR1,0.984,0.75085,0.319843,-4.65,0.15237,NM_001295.2,NA
BTLA,0.984,0.75219,0.318065,-4.65,0.191102,NM_181780.2,NA
ICAM3,0.984,0.7529,0.317121,-4.65,0.094201,NM_002162.3,
TLK2,0.984,0.75326,0.316639,-4.65,0.041937,NM_006852.2,
TFEB,0.984,0.75436,0.315177,-4.65,0.085681,NM_007162.2,
TNFRSF8,0.984,0.75577,-0.313315,-4.65,-0.119574,NM_152942.2,
ATG7,0.984,0.75957,-0.308273,-4.65,-0.048326,NM_001136031.2,NA
FOS,0.984,0.76093,0.306465,-4.65,0.17155,NM_005252.2,
IL17RA,0.984,0.76263,-0.304225,-4.65,-0.055172,NM_014339.6,
CFI,0.984,0.76474,0.301435,-4.65,0.116576,NM_000204.3,
RUNX1,0.984,0.7653,-0.300691,-4.65,-0.061961,NM_001754.4,
SMPD3,0.984,0.76631,0.299362,-4.65,0.158621,NM_018667.3,
CD80,0.984,0.76996,-0.294544,-4.65,-0.140772,NM_005191.3,
NLRP3,0.984,0.77072,0.293536,-4.65,0.175981,NM_001079821.2,
CCL2,0.984,0.77107,-0.29308,-4.65,-0.103596,NM_002982.3,NA
TLR9,0.984,0.77119,0.292915,-4.65,0.197864,NM_017442.2,
C8G,0.984,0.77295,-0.290594,-4.65,-0.121385,NM_000606.2,NA
EOMES,0.984,0.7774,-0.28474,-4.65,-0.059729,NM_005442.2,
BMI1,0.984,0.78097,-0.280052,-4.65,-0.046461,NM_005180.5,NA
RAG1,0.984,0.78185,-0.278888,-4.65,-0.138366,NM_000448.2,
SLC11A1,0.984,0.78448,0.27544,-4.65,0.119664,NM_000578.2,
CD14,0.984,0.78451,0.275399,-4.65,0.088021,NM_000591.2,
YTHDF2,0.984,0.78712,0.271976,-4.65,0.038117,NM_001172828.1,
ERCC3,0.984,0.78819,-0.270577,-4.65,-0.036395,NM_000122.1,
POLR2A,0.984,0.78827,0.270476,-4.65,0.044472,NM_000937.2,
PRKCE,0.984,0.79018,-0.267974,-4.65,-0.140781,NM_005400.2,
FCGR2A,0.984,0.79052,0.26753,-4.65,0.08782,NM_021642.3,
SELPLG,0.984,0.79122,0.266608,-4.65,0.07751,NM_001206609.1,
PPIA,0.984,0.79336,0.263815,-4.65,0.059737,NM_021130.2,
CLEC4C,0.984,0.79498,-0.261692,-4.65,-0.169057,NM_203503.1,
PDCD1LG2,0.984,0.79764,0.258214,-4.65,0.12769,NM_025239.3,
ATG10,0.984,0.79766,-0.258188,-4.65,-0.096492,NM_001131028.1,NA
NCR1,0.984,0.7986,-0.256972,-4.65,-0.122672,NM_004829.5,
MR1,0.984,0.80169,-0.252937,-4.65,-0.124791,NM_001531.2,
TNFSF13B,0.984,0.80235,0.252077,-4.65,0.114621,NM_006573.4,
TXNIP,0.984,0.80317,0.251001,-4.65,0.071115,NM_006472.1,
SH2B2,0.984,0.80319,0.250986,-4.65,0.097632,NM_020979.3,
LILRA1,0.984,0.80816,-0.244513,-4.65,-0.114378,NM_006863.1,
C1R,0.984,0.80962,-0.242612,-4.65,-0.054548,NM_001733.4,NA
CD207,0.984,0.80962,-0.242608,-4.65,-0.140926,NM_015717.2,
IL12RB2,0.984,0.81152,0.240137,-4.65,0.157864,NM_001559.2,
PPBP,0.984,0.8141,-0.236788,-4.65,-0.151219,NM_002704.2,
CCL26,0.984,0.81428,-0.236555,-4.65,-0.160814,NM_006072.4,NA
DOCK9,0.984,0.81578,-0.234607,-4.65,-0.057061,NM_001130048.1,
TLR8,0.984,0.81818,-0.23149,-4.65,-0.119394,NM_016610.2,
IRF1,0.984,0.81905,0.230368,-4.65,0.066296,NM_002198.1,
PVR,0.984,0.82048,-0.22851,-4.65,-0.043926,NM_006505.3,
ABCF1,0.984,0.82095,0.227907,-4.65,0.02968,NM_001090.2,
TRAF2,0.984,0.82489,0.222801,-4.66,0.040833,NM_021138.3,
MERTK,0.984,0.82603,-0.221327,-4.66,-0.095264,NM_006343.2,
CSF3R,0.984,0.82679,0.220343,-4.66,0.108675,NM_156038.2,
CT45A1,0.984,0.83318,-0.212082,-4.66,-0.248214,NM_001017417.1,
JAK1,0.984,0.83514,-0.209562,-4.66,-0.031724,NM_002227.1,
MAP2K4,0.984,0.83629,0.20808,-4.66,0.039585,NM_003010.2,
GTF3C1,0.984,0.83829,-0.2055,-4.66,-0.029933,NM_001520.3,
IL6,0.984,0.83842,-0.205324,-4.66,-0.156936,NM_000600.1,
MAP2K2,0.984,0.83961,-0.203796,-4.66,-0.033846,NM_030662.2,
LILRB1,0.984,0.84101,0.201993,-4.66,0.080979,NM_001081637.1,
CXCL14,0.984,0.84132,-0.20159,-4.66,-0.128081,NM_004887.4,
PDGFRB,0.984,0.84314,-0.199242,-4.66,-0.043037,NM_002609.3,
CXCR6,0.984,0.84643,-0.195015,-4.66,-0.103138,NM_006564.1,
ITGA6,0.984,0.84645,0.194983,-4.66,0.063146,NM_000210.1,
CXCL16,0.984,0.84649,-0.194928,-4.66,-0.036905,NM_001100812.1,
ZKSCAN5,0.984,0.84696,-0.194332,-4.66,-0.092053,NM_014569.3,
MAGEC2,0.984,0.84724,0.193974,-4.66,0.088592,NM_016249.3,
TLR1,0.984,0.84797,0.193029,-4.66,0.079249,NM_003263.3,
ILF3,0.984,0.848,-0.192997,-4.66,-0.031341,NM_001137673.1,
CXCL10,0.984,0.84839,-0.19249,-4.66,-0.108385,NM_001565.1,
MUC1,0.984,0.85097,0.189171,-4.66,0.096538,NM_001018017.1,
CYBB,0.984,0.8512,0.188878,-4.66,0.068342,NM_000397.3,
EWSR1,0.984,0.85179,-0.188121,-4.66,-0.022487,NM_013986.3,
PTGS2,0.984,0.85211,0.187705,-4.66,0.149904,NM_000963.1,
IL15,0.984,0.85545,0.183417,-4.66,0.073354,NM_172174.1,
ABL1,0.984,0.85612,0.182562,-4.66,0.02727,NM_005157.3,NA
CD1D,0.984,0.85639,-0.182209,-4.66,-0.046377,NM_001766.3,
SERPING1,0.984,0.85734,0.180996,-4.66,0.051532,NM_000062.2,
PRAME,0.984,0.85846,0.179558,-4.66,0.167829,NM_006115.3,
ELK1,0.984,0.85871,0.179235,-4.66,0.081949,NM_005229.3,
NFATC3,0.984,0.85884,-0.179071,-4.66,-0.030072,NM_004555.2,
FN1,0.984,0.8608,0.176558,-4.66,0.084715,NM_212482.1,
IRGM,0.984,0.86408,0.172355,-4.66,0.053942,NM_001145805.1,
CD3EAP,0.984,0.86581,-0.170143,-4.66,-0.043936,NM_012099.1,
ENTPD1,0.984,0.86796,0.167385,-4.66,0.056814,NM_001098175.1,
ENG,0.984,0.86885,-0.166241,-4.66,-0.02909,NM_001114753.1,
PSMB9,0.984,0.87251,0.161562,-4.66,0.046367,NM_002800.4,
SYK,0.984,0.87475,0.158705,-4.66,0.036453,NM_003177.3,
CD70,0.984,0.87755,0.15512,-4.66,0.073146,NM_001252.2,
ATG12,0.984,0.87825,-0.154229,-4.66,-0.08383,NM_004707.2,NA
BST1,0.984,0.87886,0.153446,-4.66,0.084153,NM_004334.2,NA
LAG3,0.984,0.88098,-0.150745,-4.66,-0.072091,NM_002286.5,
MEFV,0.984,0.88153,-0.150042,-4.66,-0.087764,NM_000243.2,
MAGEC1,0.984,0.88166,0.14988,-4.66,0.063821,NM_005462.4,
LY86,0.984,0.88412,-0.146733,-4.66,-0.081606,NM_004271.3,
DUSP4,0.984,0.88454,-0.146205,-4.66,-0.044444,NM_057158.2,
TRAF3,0.984,0.88701,-0.143056,-4.66,-0.020651,NM_145725.1,
HAVCR2 (TIM3),0.984,0.88719,-0.142821,-4.66,-0.075482,NM_032782.3,
TAP2,0.984,0.89009,0.13913,-4.66,0.030458,NM_000544.3,
IL1RL2,0.984,0.89035,0.138797,-4.66,0.068184,NM_003854.2,
FCGR1A,0.984,0.89162,-0.137179,-4.66,-0.082358,NM_000566.3,
AIRE,0.984,0.89178,-0.136969,-4.66,-0.060905,NM_000383.2,NA
TLR3,0.984,0.8921,0.136566,-4.66,0.080574,NM_003265.2,
TLR4,0.984,0.89281,0.135666,-4.66,0.057524,NM_138554.2,
ANP32B,0.984,0.8938,0.134403,-4.66,0.020919,NM_006401.2,NA
CCL5,0.984,0.89457,-0.133416,-4.66,-0.059776,NM_002985.2,NA
TNFRSF13C,0.984,0.89608,0.131493,-4.66,0.063827,NM_052945.3,
FCGR2B,0.984,0.89727,0.129981,-4.66,0.047349,NM_001002273.1,
LY9,0.984,0.89864,0.128235,-4.66,0.081594,NM_001033667.1,
S100A8,0.984,0.89927,-0.127438,-4.66,-0.072372,NM_002964.3,
CXCL13,0.984,0.89986,0.126681,-4.66,0.070791,NM_006419.2,
CD47,0.984,0.9008,0.125486,-4.66,0.034075,NM_001777.3,
TNFSF15,0.984,0.90173,-0.12431,-4.66,-0.074153,NM_001204344.1,
LTF,0.984,0.90217,0.123745,-4.66,0.137688,NM_002343.2,
IL23A,0.984,0.90337,0.12223,-4.66,0.087269,NM_016584.2,
LBP,0.984,0.90408,0.121316,-4.66,0.073877,NM_004139.2,
HLA-G,0.984,0.90414,-0.121244,-4.66,-0.051829,NM_002127.4,
ICOS,0.984,0.90511,-0.120013,-4.66,-0.067795,NM_012092.2,
TYK2,0.984,0.90543,0.119605,-4.66,0.022298,NM_003331.3,
CKLF,0.984,0.90567,-0.119305,-4.66,-0.019598,NM_181640.2,
IL1RL1,0.984,0.90578,0.119154,-4.66,0.070544,NM_016232.4,
SELL,0.984,0.90792,0.116445,-4.66,0.068184,NR_029467.1,
MICA,0.984,0.90909,-0.114952,-4.66,-0.029596,NM_000247.1,
FOXJ1,0.984,0.90991,-0.113915,-4.66,-0.086063,NM_001454.3,
PSMB10,0.984,0.91139,-0.112031,-4.66,-0.030756,NM_002801.2,
CDK1,0.984,0.91187,0.11142,-4.66,0.023575,NM_001786.4,
BCL10,0.984,0.9121,0.111135,-4.66,0.016784,NM_003921.2,NA
IL13,0.984,0.91319,0.109753,-4.66,0.029966,NM_002188.2,
ST6GAL1,0.984,0.91451,-0.108068,-4.66,-0.053411,NM_003032.2,
HPRT1,0.984,0.91453,0.108047,-4.66,0.020137,NM_000194.1,
SLAMF1,0.984,0.91502,0.107429,-4.66,0.067116,NM_003037.2,
CCND3,0.984,0.91526,-0.107122,-4.66,-0.021435,NM_001760.2,NA
IL1A,0.984,0.9158,-0.106442,-4.66,-0.063806,NM_000575.3,
THBS1,0.984,0.91581,-0.106423,-4.66,-0.031655,NM_003246.2,
NOS2A,0.984,0.92002,0.101077,-4.66,0.060686,NM_153292.1,
TNFSF8,0.984,0.92085,-0.100033,-4.66,-0.039435,NM_001244.3,
MYD88,0.984,0.92116,0.099633,-4.66,0.021081,NM_002468.3,
IFI35,0.984,0.92363,-0.096501,-4.66,-0.027996,NM_005533.3,
CD79A,0.984,0.92383,-0.096256,-4.66,-0.076701,NM_001783.3,
IL8,0.984,0.92404,-0.095991,-4.66,-0.048106,NM_000584.2,
PSMB8,0.984,0.92884,-0.089902,-4.66,-0.020433,NM_004159.4,
CDKN1A,0.984,0.92992,0.088531,-4.66,0.026085,NM_000389.2,
XCL2,0.984,0.92999,0.088448,-4.66,0.045741,NM_003175.3,
STAT1,0.984,0.93006,-0.088352,-4.66,-0.025837,NM_007315.2,
PECAM1,0.984,0.93012,0.088284,-4.66,0.021773,NM_000442.3,
FPR2,0.984,0.93357,0.083915,-4.66,0.060447,NM_001462.3,
IL7R,0.984,0.93369,0.083762,-4.66,0.022316,NM_002185.2,
IRAK4,0.984,0.93618,-0.08061,-4.66,-0.015666,NM_016123.1,
NOTCH1,0.984,0.93706,0.079491,-4.66,0.019059,NM_017617.3,
RRAD,0.984,0.9392,-0.076785,-4.66,-0.041057,NM_004165.1,
ALAS1,0.984,0.94107,0.074416,-4.66,0.011783,NM_000688.4,
TGFB2,0.984,0.94129,0.074142,-4.66,0.022689,NM_003238.2,
PRKCD,0.984,0.94182,0.073465,-4.66,0.013793,NM_006254.3,
MARCO,0.984,0.94315,0.071788,-4.66,0.049976,NM_006770.3,
XCR1,0.984,0.94435,-0.070264,-4.66,-0.032667,NM_005283.2,
LILRB2,0.984,0.94446,-0.070131,-4.66,-0.03922,NM_005874.1,
BCL2,0.984,0.94504,-0.069397,-4.66,-0.037547,NM_000657.2,NA
IL1B,0.984,0.94604,-0.068136,-4.66,-0.035841,NM_000576.2,
EGR1,0.984,0.94618,-0.067957,-4.66,-0.02773,NM_001964.2,
CD36,0.984,0.94661,-0.067409,-4.66,-0.029516,NM_001001548.2,
MRPS5,0.984,0.94697,0.06696,-4.66,0.008481,NM_031902.3,
CCL17,0.984,0.94836,0.065193,-4.66,0.041572,NM_002987.2,NA
MIF,0.984,0.95005,-0.063059,-4.66,-0.011338,NM_002415.1,
CAMP,0.984,0.95041,0.062613,-4.66,0.019095,NM_004345.3,NA
RELA,0.984,0.95299,-0.059345,-4.66,-0.007916,NM_021975.2,
TNFSF13,0.984,0.95333,0.058921,-4.66,0.02667,NM_003808.3,
PYCARD,0.984,0.95503,0.056766,-4.66,0.013032,NM_013258.3,
CD24,0.984,0.95601,-0.055533,-4.66,-0.0221,NM_013230.2,
CCR2,0.984,0.95629,-0.055177,-4.66,-0.02765,NM_001123041.2,NA
TBP,0.987,0.96194,-0.04804,-4.66,-0.007211,NM_001172085.1,
LRRN3,0.987,0.96286,-0.04687,-4.66,-0.018347,NM_001099660.1,
LILRA4,0.987,0.96404,0.045383,-4.66,0.025894,NM_012276.3,
PIN1,0.987,0.96479,-0.044441,-4.66,-0.008343,NM_006221.2,
STAT4,0.987,0.96606,-0.042828,-4.66,-0.016715,NM_003151.2,
IL22,0.987,0.9666,0.042157,-4.66,0.016228,NM_020525.4,
IL22RA1,0.988,0.96956,0.03841,-4.66,0.015599,NM_021258.2,
FCER1A,0.988,0.96974,-0.038192,-4.66,-0.026033,NM_002001.2,
ZNF346,0.988,0.97171,0.035703,-4.66,0.008712,NM_012279.2,
TNFRSF17,0.988,0.97388,0.032957,-4.66,0.025625,NM_001192.2,
S100A12,0.988,0.97505,-0.03148,-4.66,-0.024633,NM_005621.1,
CD180,0.988,0.97596,-0.030336,-4.66,-0.017871,NM_005582.2,
IL22RA2,0.988,0.9774,0.028521,-4.66,0.013626,NM_181310.1,
ECSIT,0.988,0.97961,0.025728,-4.66,0.006543,NM_001142464.2,
CD99,0.988,0.97995,0.025295,-4.66,0.005377,NM_002414.3,
AKT3,0.988,0.98063,-0.024447,-4.66,-0.006572,NM_181690.1,NA
IDO1,0.991,0.98464,0.019376,-4.66,0.011424,NM_002164.3,
FCER2,0.993,0.9877,-0.015523,-4.66,-0.005347,NM_002002.4,
CCR4,0.993,0.98894,-0.013951,-4.66,-0.004405,NM_005508.4,NA
HLA-DOB,0.994,0.99174,-0.010423,-4.66,-0.004174,NM_002120.3,
LY96,0.994,0.99318,0.0086,-4.66,0.002693,NM_015364.2,
CCL23,0.999,0.99923,0.000974,-4.66,0.000325,NM_145898.1,NA